<?xml version="1.0"?>
<EyesSettings xmlns:xsi="http://www.w3.org/2001/XMLSchema-instance" xmlns:xsd="http://www.w3.org/2001/XMLSchema">
  <RefreshRate>25</RefreshRate>
  <Opacity>1</Opacity>
  <ShowResizeGrip>true</ShowResizeGrip>
  <ShowXYPosition>false</ShowXYPosition>
  <DragMove>true</DragMove>
  <MostTop>true</MostTop>
  <Color>#FFFF0000</Color>
  <EyePosition>
    <x>387</x>
    <y>176</y>
  </EyePosition>
  <EyeSize>
    <Height>444</Height>
    <Width>378</Width>
  </EyeSize>
</EyesSettings>